check,start,switch_m,last_sea_m,coastal,rivers,sea_cost,sea_len_km,sea_water_km,sea_climb,sea_transfers,sea_transfer_pts,inland_cost,inland_len_km,inland_water_km,inland_climb,inland_descent,inland_transfers,inland_transfer_pts,N_at_E260,N_at_E300,N_at_E350,N_at_E380
coast,Carn_Goedog,1.03,1.027,bristol_channel,ignore,249774,238.9,72.2,1305,24,"229,214;229,214;230,213;230,213;232,212;232,211;234,209;234,209;235,209;236,208;237,207;238,206;247,201;248,201;254,198;255,197;268,192;278,181;283,176;301,166;301,166;301,166;303,166;332,166",249952,238.9,20.5,1530,1677,18,"229,214;229,214;230,213;230,213;232,212;232,211;234,209;234,209;235,209;236,208;237,207;238,206;247,201;248,201;254,198;255,197;321,175;332,166",196.5,183.1,160.3,149.1
coast,Craig_Rhos_y_felin,1.03,1.027,bristol_channel,ignore,253564,242.1,71.5,1465,20,"231,214;231,214;232,212;232,212;235,209;236,208;237,207;238,206;247,201;248,201;254,198;255,197;268,192;278,181;283,176;301,166;301,166;301,166;303,166;332,166",253740,242.1,19.9,1690,1640,14,"231,214;231,214;232,212;232,212;235,209;236,208;237,207;238,206;247,201;248,201;254,198;255,197;321,175;332,166",196.5,183.1,160.3,149.1
coast,Carn_Goedog,1.03,1.027,bristol_channel,conduit,249774,238.9,72.2,1305,24,"229,214;229,214;230,213;230,213;232,212;232,211;234,209;234,209;235,209;236,208;237,207;238,206;247,201;248,201;254,198;255,197;268,192;278,181;283,176;301,166;301,166;301,166;303,166;332,166",249952,238.9,20.5,1530,1677,18,"229,214;229,214;230,213;230,213;232,212;232,211;234,209;234,209;235,209;236,208;237,207;238,206;247,201;248,201;254,198;255,197;321,175;332,166",196.5,183.1,160.3,149.1
coast,Craig_Rhos_y_felin,1.03,1.027,bristol_channel,conduit,253348,240.0,68.6,1738,12,"238,214;240,213;256,198;256,198;268,192;278,181;283,176;301,166;301,166;301,166;303,166;332,166",253514,240.0,16.9,1963,1979,6,"238,214;240,213;256,198;256,198;321,175;332,166",196.5,183.1,160.3,149.1
coast,Carn_Goedog,1.03,1.027,bristol_channel,barrier,249774,238.9,72.2,1305,24,"229,214;229,214;230,213;230,213;232,212;232,211;234,209;234,209;235,209;236,208;237,207;238,206;247,201;248,201;254,198;255,197;268,192;278,181;283,176;301,166;301,166;301,166;303,166;332,166",249952,238.9,20.5,1530,1677,18,"229,214;229,214;230,213;230,213;232,212;232,211;234,209;234,209;235,209;236,208;237,207;238,206;247,201;248,201;254,198;255,197;321,175;332,166",196.5,183.1,160.3,149.1
coast,Craig_Rhos_y_felin,1.03,1.027,bristol_channel,barrier,253564,242.1,71.5,1465,20,"231,214;231,214;232,212;232,212;235,209;236,208;237,207;238,206;247,201;248,201;254,198;255,197;268,192;278,181;283,176;301,166;301,166;301,166;303,166;332,166",253740,242.1,19.9,1690,1640,14,"231,214;231,214;232,212;232,212;235,209;236,208;237,207;238,206;247,201;248,201;254,198;255,197;321,175;332,166",196.5,183.1,160.3,149.1
coast,Carn_Goedog,1.03,1.027,full_coast,ignore,249774,238.9,72.2,1305,24,"229,214;229,214;230,213;230,213;232,212;232,211;234,209;234,209;235,209;236,208;237,207;238,206;247,201;248,201;254,198;255,197;268,192;278,181;283,176;301,166;301,166;301,166;303,166;332,166",249952,238.9,20.5,1530,1677,18,"229,214;229,214;230,213;230,213;232,212;232,211;234,209;234,209;235,209;236,208;237,207;238,206;247,201;248,201;254,198;255,197;321,175;332,166",196.5,183.1,160.3,149.1
coast,Craig_Rhos_y_felin,1.03,1.027,full_coast,ignore,253564,242.1,71.5,1465,20,"231,214;231,214;232,212;232,212;235,209;236,208;237,207;238,206;247,201;248,201;254,198;255,197;268,192;278,181;283,176;301,166;301,166;301,166;303,166;332,166",253740,242.1,19.9,1690,1640,14,"231,214;231,214;232,212;232,212;235,209;236,208;237,207;238,206;247,201;248,201;254,198;255,197;321,175;332,166",196.5,183.1,160.3,149.1
coast,Carn_Goedog,1.03,1.027,full_coast,conduit,249774,238.9,72.2,1305,24,"229,214;229,214;230,213;230,213;232,212;232,211;234,209;234,209;235,209;236,208;237,207;238,206;247,201;248,201;254,198;255,197;268,192;278,181;283,176;301,166;301,166;301,166;303,166;332,166",249952,238.9,20.5,1530,1677,18,"229,214;229,214;230,213;230,213;232,212;232,211;234,209;234,209;235,209;236,208;237,207;238,206;247,201;248,201;254,198;255,197;321,175;332,166",196.5,183.1,160.3,149.1
coast,Craig_Rhos_y_felin,1.03,1.027,full_coast,conduit,253348,240.0,68.6,1738,12,"238,214;240,213;256,198;256,198;268,192;278,181;283,176;301,166;301,166;301,166;303,166;332,166",253514,240.0,16.9,1963,1979,6,"238,214;240,213;256,198;256,198;321,175;332,166",196.5,183.1,160.3,149.1
coast,Carn_Goedog,1.03,1.027,full_coast,barrier,249774,238.9,72.2,1305,24,"229,214;229,214;230,213;230,213;232,212;232,211;234,209;234,209;235,209;236,208;237,207;238,206;247,201;248,201;254,198;255,197;268,192;278,181;283,176;301,166;301,166;301,166;303,166;332,166",249952,238.9,20.5,1530,1677,18,"229,214;229,214;230,213;230,213;232,212;232,211;234,209;234,209;235,209;236,208;237,207;238,206;247,201;248,201;254,198;255,197;321,175;332,166",196.5,183.1,160.3,149.1
coast,Craig_Rhos_y_felin,1.03,1.027,full_coast,barrier,253564,242.1,71.5,1465,20,"231,214;231,214;232,212;232,212;235,209;236,208;237,207;238,206;247,201;248,201;254,198;255,197;268,192;278,181;283,176;301,166;301,166;301,166;303,166;332,166",253740,242.1,19.9,1690,1640,14,"231,214;231,214;232,212;232,212;235,209;236,208;237,207;238,206;247,201;248,201;254,198;255,197;321,175;332,166",196.5,183.1,160.3,149.1
