check,start,switch_m,last_sea_m,w_up,sea_cost,sea_len_km,sea_water_km,sea_climb,sea_transfers,sea_transfer_pts,inland_cost,inland_len_km,inland_water_km,inland_climb,inland_descent,inland_transfers,inland_transfer_pts,N_at_E260,N_at_E300,N_at_E350,N_at_E380
slope,Carn_Goedog,1.01,1.006,1,240358,237.1,69.1,1659,10,"237,213;238,213;256,198;256,198;268,192;278,181;283,176;302,166;302,166;332,166",240464,237.1,15.7,1894,2040,6,"237,213;238,213;256,198;256,198;321,175;332,166",196.5,183.1,160.3,149.1
slope,Craig_Rhos_y_felin,1.01,1.006,1,243079,239.5,68.8,1910,10,"238,214;238,213;256,198;256,198;268,192;278,181;283,176;302,166;302,166;332,166",243185,239.5,15.5,2145,2084,6,"238,214;238,213;256,198;256,198;321,175;332,166",196.5,183.1,160.3,149.1
slope,Carn_Goedog,1.016,1.013,2,243664,237.1,67.4,1669,12,"237,213;238,213;256,198;256,198;268,192;278,181;283,176;301,166;301,166;301,166;303,166;332,166",243791,237.1,15.7,1894,2040,6,"237,213;238,213;256,198;256,198;321,175;332,166",196.5,183.1,160.3,149.1
slope,Craig_Rhos_y_felin,1.016,1.013,2,246664,239.5,67.1,1920,12,"238,214;238,213;256,198;256,198;268,192;278,181;283,176;301,166;301,166;301,166;303,166;332,166",246790,239.5,15.5,2145,2084,6,"238,214;238,213;256,198;256,198;321,175;332,166",196.5,183.1,160.3,149.1
slope,Carn_Goedog,1.03,1.027,4,249774,238.9,72.2,1305,24,"229,214;229,214;230,213;230,213;232,212;232,211;234,209;234,209;235,209;236,208;237,207;238,206;247,201;248,201;254,198;255,197;268,192;278,181;283,176;301,166;301,166;301,166;303,166;332,166",249952,238.9,20.5,1530,1677,18,"229,214;229,214;230,213;230,213;232,212;232,211;234,209;234,209;235,209;236,208;237,207;238,206;247,201;248,201;254,198;255,197;321,175;332,166",196.5,183.1,160.3,149.1
slope,Craig_Rhos_y_felin,1.03,1.027,4,253564,242.1,71.5,1465,20,"231,214;231,214;232,212;232,212;235,209;236,208;237,207;238,206;247,201;248,201;254,198;255,197;268,192;278,181;283,176;301,166;301,166;301,166;303,166;332,166",253740,242.1,19.9,1690,1640,14,"231,214;231,214;232,212;232,212;235,209;236,208;237,207;238,206;247,201;248,201;254,198;255,197;321,175;332,166",196.5,183.1,160.3,149.1
slope,Carn_Goedog,1.058,1.055,8,260040,240.5,75.7,1103,24,"229,214;229,214;230,213;231,213;231,212;231,212;231,212;231,211;232,210;236,206;236,206;236,206;247,201;248,201;254,198;255,197;268,192;278,181;283,176;301,166;301,166;301,166;303,166;332,166",260271,240.5,24.0,1329,1491,18,"229,214;229,214;230,213;231,213;231,212;231,212;231,212;231,211;232,210;236,206;236,206;236,206;247,201;248,201;254,198;255,197;321,175;332,166",196.5,183.1,160.3,149.1
slope,Craig_Rhos_y_felin,1.058,1.055,8,263837,245.6,75.7,1083,24,"229,214;229,214;230,213;231,213;231,212;231,212;231,212;231,211;232,210;236,206;236,206;236,206;247,201;248,201;254,198;255,197;268,192;278,181;283,176;301,166;301,166;301,166;303,166;332,166",264068,245.6,24.0,1308,1265,18,"229,214;229,214;230,213;231,213;231,212;231,212;231,212;231,211;232,210;236,206;236,206;236,206;247,201;248,201;254,198;255,197;321,175;332,166",196.5,183.1,160.3,149.1
slope,Carn_Goedog,1.117,1.113,16,278501,243.1,76.2,954,26,"229,214;229,214;230,213;230,213;230,213;231,213;231,212;231,212;231,212;231,211;232,210;236,206;236,206;236,206;247,201;248,201;254,198;255,197;268,192;278,181;283,176;301,166;301,166;301,166;303,166;332,166",278763,243.0,24.2,1187,1345,20,"229,214;229,214;230,213;230,213;230,213;231,213;231,212;231,212;231,212;231,211;232,210;236,206;236,206;236,206;247,201;248,201;254,198;255,197;321,175;332,166",196.5,183.1,160.3,149.1
slope,Craig_Rhos_y_felin,1.117,1.113,16,282042,246.3,76.2,1045,26,"229,214;229,214;230,213;230,213;230,213;231,213;231,212;231,212;231,212;231,211;232,210;236,206;236,206;236,206;247,201;248,201;254,198;255,197;268,192;278,181;283,176;301,166;301,166;301,166;303,166;332,166",282304,246.2,24.2,1278,1231,20,"229,214;229,214;230,213;230,213;230,213;231,213;231,212;231,212;231,212;231,211;232,210;236,206;236,206;236,206;247,201;248,201;254,198;255,197;321,175;332,166",196.5,183.1,160.3,149.1
