check,start,switch_m,last_sea_m,transfer_km,w_up,sea_cost,sea_len_km,sea_water_km,sea_climb,sea_transfers,sea_transfer_pts,inland_cost,inland_len_km,inland_water_km,inland_climb,inland_descent,inland_transfers,inland_transfer_pts,N_at_E260,N_at_E300,N_at_E350,N_at_E380,gmax
tslope,Carn_Goedog,0.743,0.74,25,2,266965,248.0,134.6,1119,2,"220,207;330,148",267177,254.4,0.0,3805,4003,0,,232.1,228.7,213.9,200.1,
tslope,Craig_Rhos_y_felin,0.73,0.728,25,2,269100,251.5,134.6,1292,2,"220,207;330,148",269354,256.8,0.0,3805,3797,0,,232.1,228.7,213.9,200.1,
tslope,Carn_Goedog,0.808,0.805,25,4,278797,248.0,129.3,865,2,"222,207;332,164",278972,256.5,0.0,3324,3522,0,,232.1,229.3,213.1,200.1,
tslope,Craig_Rhos_y_felin,0.792,0.789,25,4,280818,251.5,129.3,1038,2,"222,207;332,164",281110,258.5,0.0,3434,3427,0,,232.1,229.3,213.1,200.1,
tslope,Carn_Goedog,0.909,0.906,25,8,297817,248.0,129.3,865,2,"222,207;332,164",298210,264.8,0.0,2454,2652,0,,221.5,229.5,213.1,200.1,
tslope,Craig_Rhos_y_felin,0.891,0.888,25,8,300188,251.5,129.3,1038,2,"222,207;332,164",300253,266.9,0.0,2529,2522,0,,221.5,229.5,213.1,200.1,
tslope,Carn_Goedog,1.044,1.041,25,16,326644,248.6,128.7,823,2,"222,207;332,166",326858,273.5,0.0,1944,2142,0,,221.5,229.5,211.3,200.1,
tslope,Craig_Rhos_y_felin,1.013,1.01,25,16,328891,251.8,128.7,1021,2,"222,207;332,166",328891,275.2,0.0,2035,2027,0,,221.5,229.5,211.3,200.1,
tslope,Carn_Goedog,0.816,0.814,25,,279923,248.1,129.3,857,2,"222,207;332,164",280162,259.1,0.0,3118,3315,0,,232.1,229.3,213.1,200.1,0.15
tslope,Craig_Rhos_y_felin,0.803,0.8,25,,282205,251.5,129.3,1038,2,"222,207;332,164",282311,261.3,0.0,3179,3171,0,,232.1,229.3,213.1,200.1,0.15
tslope,Carn_Goedog,0.856,0.853,25,,285152,248.2,129.3,861,2,"222,207;332,164",285420,263.7,0.0,3208,3406,0,,232.1,229.3,214.1,183.3,0.1
tslope,Craig_Rhos_y_felin,0.836,0.833,25,,287127,252.1,129.3,1051,2,"222,207;332,164",287459,265.8,0.0,3278,3270,0,,232.1,229.3,214.1,183.3,0.1
