check,start,switch_m,last_sea_m,transfer_km,sea_cost,sea_len_km,sea_water_km,sea_climb,sea_transfers,sea_transfer_pts,inland_cost,inland_len_km,inland_water_km,inland_climb,inland_descent,inland_transfers,inland_transfer_pts,N_at_E260,N_at_E300,N_at_E350,N_at_E380
transfer,Carn_Goedog,1.03,1.027,0,249774,238.9,72.2,1305,24,"229,214;229,214;230,213;230,213;232,212;232,211;234,209;234,209;235,209;236,208;237,207;238,206;247,201;248,201;254,198;255,197;268,192;278,181;283,176;301,166;301,166;301,166;303,166;332,166",249952,238.9,20.5,1530,1677,18,"229,214;229,214;230,213;230,213;232,212;232,211;234,209;234,209;235,209;236,208;237,207;238,206;247,201;248,201;254,198;255,197;321,175;332,166",196.5,183.1,160.3,149.1
transfer,Craig_Rhos_y_felin,1.03,1.027,0,253564,242.1,71.5,1465,20,"231,214;231,214;232,212;232,212;235,209;236,208;237,207;238,206;247,201;248,201;254,198;255,197;268,192;278,181;283,176;301,166;301,166;301,166;303,166;332,166",253740,242.1,19.9,1690,1640,14,"231,214;231,214;232,212;232,212;235,209;236,208;237,207;238,206;247,201;248,201;254,198;255,197;321,175;332,166",196.5,183.1,160.3,149.1
transfer,Carn_Goedog,1.02,1.016,5,260687,237.3,77.6,1753,2,"266,192;332,166",260908,237.1,14.6,1976,2162,2,"321,175;332,166",197.9,183.1,160.3,149.1
transfer,Craig_Rhos_y_felin,1.02,1.016,5,263890,240.2,77.6,1879,2,"266,192;332,166",264084,240.0,14.6,2097,2077,2,"321,175;332,166",198.7,183.1,160.3,149.1
transfer,Carn_Goedog,1.02,1.016,10,270687,237.3,77.6,1753,2,"266,192;332,166",270908,237.1,14.6,1976,2162,2,"321,175;332,166",197.9,183.1,160.3,149.1
transfer,Craig_Rhos_y_felin,1.02,1.016,10,273890,240.2,77.6,1879,2,"266,192;332,166",274084,240.0,14.6,2097,2077,2,"321,175;332,166",198.7,183.1,160.3,149.1
transfer,Carn_Goedog,0.808,0.805,25,278797,248.0,129.3,865,2,"222,207;332,164",278972,256.5,0.0,3324,3522,0,,232.1,229.3,213.1,200.1
transfer,Craig_Rhos_y_felin,0.792,0.789,25,280818,251.5,129.3,1038,2,"222,207;332,164",281110,258.5,0.0,3434,3427,0,,232.1,229.3,213.1,200.1
transfer,Carn_Goedog,0.437,0.436,50,278890,259.6,156.4,1083,2,"219,207;352,177",278972,256.5,0.0,3324,3522,0,,232.1,229.3,213.1,200.1
transfer,Craig_Rhos_y_felin,0.424,0.423,50,280960,263.1,156.4,1257,2,"219,207;352,177",281110,258.5,0.0,3434,3427,0,,232.1,229.3,213.1,200.1
