start,m_water,river_mode,coastal_reach,total_cost,length_m,water_fraction,river_fraction,regime,lands_end,lands_end_strict,severn_approach,a40_teifi_usk_wye,welsh_mean_land_N,runtime_s
Carn_Goedog,0.05,ignore,bristol_channel,117674.9,273665.4,0.6317,0.0031,sea-preferring,False,False,lower-Severn,True,220000.0,21.2
Carn_Goedog,0.1,ignore,bristol_channel,125933.8,261667.4,0.6093,0.0835,sea-preferring,False,False,lower-Severn,True,220100.0,21.1
Carn_Goedog,0.5,ignore,bristol_channel,188319.9,249480.2,0.5396,0.0,sea-preferring,False,False,Bristol-Channel,True,214358.0,16.8
Carn_Goedog,1.0,ignore,bristol_channel,247400.6,238850.8,0.3976,0.0,sea-preferring,False,False,Bristol-Channel,True,203563.0,16.1
Carn_Goedog,2.0,ignore,bristol_channel,257332.3,237921.9,0.0148,0.0525,inland-preferring,False,False,lower-Severn,True,211158.0,13.0
Carn_Goedog,5.0,ignore,bristol_channel,262005.5,238253.2,0.0052,0.0728,inland-preferring,False,False,lower-Severn,True,211581.0,9.5
Carn_Goedog,10.0,ignore,bristol_channel,268248.1,238253.2,0.0052,0.0728,inland-preferring,False,False,lower-Severn,True,211581.0,8.3
Craig_Rhos_y_felin,0.05,ignore,bristol_channel,121679.3,277162.5,0.6237,0.0031,sea-preferring,False,False,lower-Severn,True,221500.0,20.5
Craig_Rhos_y_felin,0.1,ignore,bristol_channel,129945.5,265633.1,0.6022,0.0822,sea-preferring,False,False,lower-Severn,True,221500.0,20.2
Craig_Rhos_y_felin,0.5,ignore,bristol_channel,192427.9,252977.3,0.5321,0.0,sea-preferring,False,False,Bristol-Channel,True,216265.0,17.3
Craig_Rhos_y_felin,1.0,ignore,bristol_channel,251193.2,242347.8,0.3967,0.0,sea-preferring,False,False,Bristol-Channel,True,205214.0,15.8
Craig_Rhos_y_felin,2.0,ignore,bristol_channel,259481.6,240198.8,0.0147,0.052,inland-preferring,False,False,lower-Severn,True,211450.0,13.1
Craig_Rhos_y_felin,5.0,ignore,bristol_channel,264154.8,240530.2,0.0052,0.0721,inland-preferring,False,False,lower-Severn,True,211868.0,10.1
Craig_Rhos_y_felin,10.0,ignore,bristol_channel,270397.5,240530.2,0.0052,0.0721,inland-preferring,False,False,lower-Severn,True,211868.0,8.5
Carn_Goedog,0.05,barrier,bristol_channel,121236.5,261404.7,0.5981,0.0,sea-preferring,False,False,lower-Severn,True,220000.0,20.4
Carn_Goedog,0.1,barrier,bristol_channel,129045.8,260936.1,0.5971,0.0,sea-preferring,False,False,lower-Severn,True,220100.0,21.0
Carn_Goedog,0.5,barrier,bristol_channel,188319.9,249480.2,0.5396,0.0,sea-preferring,False,False,Bristol-Channel,True,214358.0,17.5
Carn_Goedog,1.0,barrier,bristol_channel,247400.6,238850.8,0.3976,0.0,sea-preferring,False,False,Bristol-Channel,True,203563.0,16.4
Carn_Goedog,2.0,barrier,bristol_channel,263674.8,238887.5,0.0352,0.0,inland-preferring,False,False,lower-Severn,False,195463.0,14.2
Carn_Goedog,5.0,barrier,bristol_channel,285736.8,252641.5,0.0165,0.0,inland-preferring,False,False,lower-Severn,False,195576.0,11.3
Carn_Goedog,10.0,barrier,bristol_channel,300807.7,260854.2,0.0102,0.0,inland-preferring,False,False,lower-Severn,False,195576.0,9.6
Craig_Rhos_y_felin,0.05,barrier,bristol_channel,125240.8,264901.8,0.5902,0.0,sea-preferring,False,False,lower-Severn,True,221500.0,20.7
Craig_Rhos_y_felin,0.1,barrier,bristol_channel,133057.5,264901.8,0.5902,0.0,sea-preferring,False,False,lower-Severn,True,221500.0,20.5
Craig_Rhos_y_felin,0.5,barrier,bristol_channel,192427.9,252977.3,0.5321,0.0,sea-preferring,False,False,Bristol-Channel,True,216265.0,17.5
Craig_Rhos_y_felin,1.0,barrier,bristol_channel,251193.2,242347.8,0.3967,0.0,sea-preferring,False,False,Bristol-Channel,True,205214.0,17.2
Craig_Rhos_y_felin,2.0,barrier,bristol_channel,267364.5,241798.8,0.0347,0.0,inland-preferring,False,False,lower-Severn,False,196085.0,14.4
Craig_Rhos_y_felin,5.0,barrier,bristol_channel,289426.6,255552.7,0.0163,0.0,inland-preferring,False,False,lower-Severn,False,196196.0,11.5
Craig_Rhos_y_felin,10.0,barrier,bristol_channel,304497.5,263765.5,0.01,0.0,inland-preferring,False,False,lower-Severn,False,196196.0,9.4
Carn_Goedog,0.05,conduit,bristol_channel,61601.6,286136.1,0.552,0.2881,sea-preferring,False,False,lower-Severn,True,220000.0,10.4
Carn_Goedog,0.1,conduit,bristol_channel,73612.9,285667.4,0.5511,0.2885,sea-preferring,False,False,lower-Severn,True,220100.0,11.2
Carn_Goedog,0.5,conduit,bristol_channel,167974.7,274927.7,0.5586,0.2502,sea-preferring,False,False,lower-Severn,True,220300.0,15.2
Carn_Goedog,1.0,conduit,bristol_channel,247400.6,238850.8,0.3976,0.0,sea-preferring,False,False,Bristol-Channel,True,203563.0,16.2
Carn_Goedog,2.0,conduit,bristol_channel,259217.7,237921.9,0.0148,0.0056,inland-preferring,False,False,lower-Severn,True,210807.0,13.6
Carn_Goedog,5.0,conduit,bristol_channel,270760.9,240641.5,0.007,0.0069,inland-preferring,False,False,lower-Severn,True,210831.0,10.0
Carn_Goedog,10.0,conduit,bristol_channel,287173.4,241684.1,0.0053,0.0075,inland-preferring,False,False,lower-Severn,True,208546.0,8.7
Craig_Rhos_y_felin,0.05,conduit,bristol_channel,65605.9,289633.1,0.5453,0.2846,sea-preferring,False,False,lower-Severn,True,221500.0,10.8
Craig_Rhos_y_felin,0.1,conduit,bristol_channel,77624.6,289633.1,0.5453,0.2846,sea-preferring,False,False,lower-Severn,True,221500.0,11.2
Craig_Rhos_y_felin,0.5,conduit,bristol_channel,172082.7,278424.8,0.5516,0.247,sea-preferring,False,False,lower-Severn,True,221800.0,15.1
Craig_Rhos_y_felin,1.0,conduit,bristol_channel,251193.2,242347.8,0.3967,0.0,sea-preferring,False,False,Bristol-Channel,True,205214.0,16.6
Craig_Rhos_y_felin,2.0,conduit,bristol_channel,261367.0,240198.8,0.0147,0.0055,inland-preferring,False,False,lower-Severn,True,211102.0,13.4
Craig_Rhos_y_felin,5.0,conduit,bristol_channel,272910.2,242918.4,0.0069,0.0068,inland-preferring,False,False,lower-Severn,True,211125.0,10.0
Craig_Rhos_y_felin,10.0,conduit,bristol_channel,289362.4,244215.5,0.0053,0.0076,inland-preferring,False,False,lower-Severn,True,211127.0,8.5
Carn_Goedog,0.05,ignore,full_coast,82943.5,684697.1,0.931,0.0025,sea-preferring,True,True,Bristol-Channel,False,236669.0,25.0
Carn_Goedog,0.1,ignore,full_coast,114817.0,684697.1,0.931,0.0025,sea-preferring,True,True,Bristol-Channel,False,236669.0,25.3
Carn_Goedog,0.5,ignore,full_coast,188319.9,249480.2,0.5396,0.0,sea-preferring,False,False,Bristol-Channel,True,214358.0,22.6
Carn_Goedog,1.0,ignore,full_coast,247400.6,238850.8,0.3976,0.0,sea-preferring,False,False,Bristol-Channel,True,203563.0,21.4
Carn_Goedog,2.0,ignore,full_coast,257332.3,237921.9,0.0148,0.0525,inland-preferring,False,False,lower-Severn,True,211158.0,17.3
Carn_Goedog,5.0,ignore,full_coast,262005.5,238253.2,0.0052,0.0728,inland-preferring,False,False,lower-Severn,True,211581.0,11.3
Carn_Goedog,10.0,ignore,full_coast,268248.1,238253.2,0.0052,0.0728,inland-preferring,False,False,lower-Severn,True,211581.0,9.2
Craig_Rhos_y_felin,0.05,ignore,full_coast,79606.3,682020.2,0.9347,0.0025,sea-preferring,True,True,Bristol-Channel,False,238332.0,25.3
Craig_Rhos_y_felin,0.1,ignore,full_coast,111479.8,682020.2,0.9347,0.0025,sea-preferring,True,True,Bristol-Channel,False,238332.0,25.2
Craig_Rhos_y_felin,0.5,ignore,full_coast,192427.9,252977.3,0.5321,0.0,sea-preferring,False,False,Bristol-Channel,True,216265.0,22.2
Craig_Rhos_y_felin,1.0,ignore,full_coast,251193.2,242347.8,0.3967,0.0,sea-preferring,False,False,Bristol-Channel,True,205214.0,21.8
Craig_Rhos_y_felin,2.0,ignore,full_coast,259481.6,240198.8,0.0147,0.052,inland-preferring,False,False,lower-Severn,True,211450.0,17.1
Craig_Rhos_y_felin,5.0,ignore,full_coast,264154.8,240530.2,0.0052,0.0721,inland-preferring,False,False,lower-Severn,True,211868.0,12.0
Craig_Rhos_y_felin,10.0,ignore,full_coast,270397.5,240530.2,0.0052,0.0721,inland-preferring,False,False,lower-Severn,True,211868.0,9.5
Carn_Goedog,0.05,barrier,full_coast,86699.2,638980.6,0.9171,0.0,sea-preferring,True,True,Bristol-Channel,False,236669.0,24.8
Carn_Goedog,0.1,barrier,full_coast,116000.8,638980.6,0.9171,0.0,sea-preferring,True,True,Bristol-Channel,False,236669.0,25.7
Carn_Goedog,0.5,barrier,full_coast,188319.9,249480.2,0.5396,0.0,sea-preferring,False,False,Bristol-Channel,True,214358.0,22.4
Carn_Goedog,1.0,barrier,full_coast,247400.6,238850.8,0.3976,0.0,sea-preferring,False,False,Bristol-Channel,True,203563.0,20.8
Carn_Goedog,2.0,barrier,full_coast,263674.8,238887.5,0.0352,0.0,inland-preferring,False,False,lower-Severn,False,195463.0,17.1
Carn_Goedog,5.0,barrier,full_coast,285736.8,252641.5,0.0165,0.0,inland-preferring,False,False,lower-Severn,False,195576.0,13.5
Carn_Goedog,10.0,barrier,full_coast,300807.7,260854.2,0.0102,0.0,inland-preferring,False,False,lower-Severn,False,195576.0,9.9
Craig_Rhos_y_felin,0.05,barrier,full_coast,83361.9,636303.6,0.921,0.0,sea-preferring,True,True,Bristol-Channel,False,238332.0,24.6
Craig_Rhos_y_felin,0.1,barrier,full_coast,112663.6,636303.6,0.921,0.0,sea-preferring,True,True,Bristol-Channel,False,238332.0,25.1
Craig_Rhos_y_felin,0.5,barrier,full_coast,192427.9,252977.3,0.5321,0.0,sea-preferring,False,False,Bristol-Channel,True,216265.0,22.1
Craig_Rhos_y_felin,1.0,barrier,full_coast,251193.2,242347.8,0.3967,0.0,sea-preferring,False,False,Bristol-Channel,True,205214.0,20.7
Craig_Rhos_y_felin,2.0,barrier,full_coast,267364.5,241798.8,0.0347,0.0,inland-preferring,False,False,lower-Severn,False,196085.0,17.2
Craig_Rhos_y_felin,5.0,barrier,full_coast,289426.6,255552.7,0.0163,0.0,inland-preferring,False,False,lower-Severn,False,196196.0,12.7
Craig_Rhos_y_felin,10.0,barrier,full_coast,304497.5,263765.5,0.01,0.0,inland-preferring,False,False,lower-Severn,False,196196.0,10.1
Carn_Goedog,0.05,conduit,full_coast,44754.4,644916.8,0.9104,0.0715,sea-preferring,True,True,Bristol-Channel,False,236669.0,21.5
Carn_Goedog,0.1,conduit,full_coast,64753.7,372125.7,0.7019,0.2215,sea-preferring,False,False,lower-Severn,True,236669.0,20.8
Carn_Goedog,0.5,conduit,full_coast,167974.7,274927.7,0.5586,0.2502,sea-preferring,False,False,lower-Severn,True,220300.0,20.7
Carn_Goedog,1.0,conduit,full_coast,247400.6,238850.8,0.3976,0.0,sea-preferring,False,False,Bristol-Channel,True,203563.0,21.1
Carn_Goedog,2.0,conduit,full_coast,259217.7,237921.9,0.0148,0.0056,inland-preferring,False,False,lower-Severn,True,210807.0,17.6
Carn_Goedog,5.0,conduit,full_coast,270760.9,240641.5,0.007,0.0069,inland-preferring,False,False,lower-Severn,True,210831.0,11.6
Carn_Goedog,10.0,conduit,full_coast,287173.4,241684.1,0.0053,0.0075,inland-preferring,False,False,lower-Severn,True,208546.0,9.4
Craig_Rhos_y_felin,0.05,conduit,full_coast,41417.2,642239.9,0.9142,0.0718,sea-preferring,True,True,Bristol-Channel,False,238332.0,22.0
Craig_Rhos_y_felin,0.1,conduit,full_coast,61416.5,369448.8,0.707,0.2231,sea-preferring,False,False,lower-Severn,True,238332.0,21.4
Craig_Rhos_y_felin,0.5,conduit,full_coast,172082.7,278424.8,0.5516,0.247,sea-preferring,False,False,lower-Severn,True,221800.0,20.9
Craig_Rhos_y_felin,1.0,conduit,full_coast,251193.2,242347.8,0.3967,0.0,sea-preferring,False,False,Bristol-Channel,True,205214.0,21.8
Craig_Rhos_y_felin,2.0,conduit,full_coast,261367.0,240198.8,0.0147,0.0055,inland-preferring,False,False,lower-Severn,True,211102.0,16.8
Craig_Rhos_y_felin,5.0,conduit,full_coast,272910.2,242918.4,0.0069,0.0068,inland-preferring,False,False,lower-Severn,True,211125.0,12.4
Craig_Rhos_y_felin,10.0,conduit,full_coast,289362.4,244215.5,0.0053,0.0076,inland-preferring,False,False,lower-Severn,True,211127.0,9.3
