name1,form,length
Afon Hafren,inlandRiver,563
Afon Hafren,inlandRiver,3836
Afon Hafren,inlandRiver,2990
Afon Hafren,inlandRiver,55
Afon Hafren,inlandRiver,116
Afon Hafren,inlandRiver,808
Afon Hafren,inlandRiver,3264
Afon Hafren,inlandRiver,1752
Afon Hafren,inlandRiver,150
Afon Hafren,inlandRiver,1900
Afon Hafren,inlandRiver,2735
Afon Hafren,inlandRiver,2909
Afon Hafren,inlandRiver,566
Afon Hafren,inlandRiver,616
Afon Hafren,inlandRiver,1108
Afon Hafren,inlandRiver,718
Afon Hafren,inlandRiver,1618
Afon Hafren,inlandRiver,506
Afon Hafren,inlandRiver,1308
Afon Hafren,inlandRiver,270
Afon Hafren,inlandRiver,1925
Afon Hafren,inlandRiver,146
Afon Hafren,inlandRiver,4039
Afon Hafren,inlandRiver,442
Afon Hafren,inlandRiver,293
Afon Hafren,inlandRiver,1579
Afon Hafren,inlandRiver,1457
Afon Hafren,inlandRiver,1484
Afon Hafren,inlandRiver,1430
Afon Hafren,inlandRiver,2627
Afon Hafren,inlandRiver,1652
Afon Hafren,inlandRiver,3411
Afon Hafren,inlandRiver,127
Afon Hafren,inlandRiver,982
Afon Gwy,inlandRiver,797
Afon Gwy,inlandRiver,1920
Afon Gwy,inlandRiver,312
Afon Gwy,inlandRiver,4096
Afon Gwy,inlandRiver,1561
Afon Gwy,inlandRiver,1668
Afon Gwy,inlandRiver,908
Afon Gwy,inlandRiver,4976
Afon Gwy,inlandRiver,740
Afon Gwy,inlandRiver,4186
Afon Gwy,inlandRiver,1680
Afon Gwy,inlandRiver,3775
Afon Gwy,inlandRiver,403
Afon Gwy,inlandRiver,1015
Afon Gwy,inlandRiver,749
Afon Gwy,inlandRiver,1142
Afon Gwy,inlandRiver,1223
Afon Gwy,inlandRiver,687
Afon Gwy,inlandRiver,249
Afon Gwy,inlandRiver,1679
Afon Gwy,inlandRiver,737
Afon Gwy,inlandRiver,1383
Afon Gwy,inlandRiver,1195
Afon Gwy,inlandRiver,448
Afon Gwy,inlandRiver,1605
Afon Gwy,inlandRiver,828
Afon Gwy,inlandRiver,131
Afon Gwy,inlandRiver,1128
Afon Gwy,inlandRiver,1604
Afon Gwy,inlandRiver,1197
Afon Gwy,inlandRiver,1728
Afon Gwy,inlandRiver,4235
Afon Gwy,inlandRiver,1320
Afon Gwy,inlandRiver,6330
Afon Gwy,inlandRiver,1011
Afon Gwy,inlandRiver,425
Afon Gwy,inlandRiver,1272
Afon Gwy,inlandRiver,306
Afon Gwy,inlandRiver,2473
Afon Gwy,inlandRiver,371
Afon Gwy,inlandRiver,2333
Afon Gwy,inlandRiver,463
Afon Gwy,inlandRiver,716
Afon Gwy,inlandRiver,2157
Afon Gwy,inlandRiver,61
Afon Gwy,inlandRiver,1040
Afon Wysg,inlandRiver,1538
Afon Wysg,inlandRiver,31
Afon Wysg,inlandRiver,738
Afon Wysg,inlandRiver,889
Afon Wysg,inlandRiver,62
Afon Wysg,inlandRiver,331
Afon Wysg,inlandRiver,1858
Afon Wysg,inlandRiver,460
Afon Wysg,inlandRiver,2626
Afon Wysg,inlandRiver,477
Afon Wysg,inlandRiver,1787
Afon Wysg,inlandRiver,73
Afon Wysg,inlandRiver,124
Afon Wysg,inlandRiver,126
Afon Wysg,inlandRiver,475
Afon Wysg,inlandRiver,121
Afon Wysg,inlandRiver,912
Afon Wysg,inlandRiver,782
Afon Wysg,inlandRiver,1216
Afon Wysg,inlandRiver,853
Afon Wysg,inlandRiver,766
Afon Wysg,inlandRiver,2157
Afon Wysg,inlandRiver,341
Afon Wysg,inlandRiver,597
Afon Wysg,inlandRiver,212
Afon Wysg,inlandRiver,476
Afon Wysg,inlandRiver,173
Afon Wysg,inlandRiver,459
Afon Wysg,inlandRiver,658
Afon Wysg,inlandRiver,244
Afon Wysg,inlandRiver,484
Afon Wysg,inlandRiver,1479
Afon Wysg,inlandRiver,579
Afon Wysg,inlandRiver,1446
Afon Wysg,inlandRiver,716
Afon Wysg,inlandRiver,469
Afon Wysg,inlandRiver,765
Afon Wysg,inlandRiver,813
Afon Wysg,inlandRiver,92
Afon Wysg,inlandRiver,794
Afon Hafren,inlandRiver,2537
Afon Hafren,inlandRiver,834
Afon Hafren,inlandRiver,226
Afon Hafren,inlandRiver,1077
Afon Hafren,inlandRiver,1122
Afon Hafren,inlandRiver,2794
Afon Hafren,inlandRiver,2397
Afon Hafren,inlandRiver,2941
Afon Hafren,inlandRiver,3474
Afon Hafren,inlandRiver,1914
Afon Hafren,inlandRiver,722
Afon Hafren,inlandRiver,408
Afon Hafren,inlandRiver,309
Afon Hafren,inlandRiver,144
Afon Hafren,inlandRiver,559
Afon Hafren,inlandRiver,1009
Afon Hafren,tidalRiver,1323
Afon Hafren,tidalRiver,2362
Afon Hafren,tidalRiver,586
Afon Hafren,tidalRiver,909
Afon Hafren,tidalRiver,327
Afon Hafren,tidalRiver,1162
Afon Hafren,tidalRiver,886
Afon Hafren,tidalRiver,683
Afon Hafren,tidalRiver,414
Afon Hafren,tidalRiver,1506
Afon Hafren,tidalRiver,2685
Afon Hafren,tidalRiver,1054
Afon Hafren,tidalRiver,712
Afon Hafren,tidalRiver,416
Afon Hafren,tidalRiver,237
Afon Hafren,tidalRiver,419
Afon Hafren,tidalRiver,872
Afon Hafren,tidalRiver,1885
Afon Hafren,tidalRiver,586
Afon Hafren,tidalRiver,2261
Afon Hafren,tidalRiver,642
Afon Hafren,tidalRiver,3021
Afon Hafren,tidalRiver,4071
Afon Hafren,tidalRiver,3907
Afon Hafren,tidalRiver,2731
Afon Hafren,tidalRiver,2028
Afon Hafren,tidalRiver,1467
Afon Hafren,tidalRiver,297
Afon Hafren,tidalRiver,1299
Afon Hafren,tidalRiver,1301
Afon Hafren,tidalRiver,225
Afon Hafren,tidalRiver,1578
Afon Hafren,tidalRiver,941
Afon Hafren,tidalRiver,1456
Afon Hafren,tidalRiver,2517
Afon Hafren,tidalRiver,1355
Afon Hafren,tidalRiver,795
Afon Hafren,tidalRiver,429
Afon Hafren,tidalRiver,1960
Afon Hafren,tidalRiver,820
Afon Hafren,tidalRiver,947
Afon Hafren,tidalRiver,947
Afon Hafren,tidalRiver,338
Afon Hafren,tidalRiver,849
Afon Hafren,tidalRiver,2273
Afon Hafren,tidalRiver,1393
Afon Hafren,tidalRiver,732
Afon Hafren,tidalRiver,672
Afon Hafren,tidalRiver,1296
Afon Hafren,tidalRiver,2000
Afon Hafren,tidalRiver,1140
Afon Gwy,inlandRiver,1810
Afon Gwy,inlandRiver,4473
Afon Gwy,inlandRiver,2890
Afon Gwy,inlandRiver,962
Afon Gwy,inlandRiver,1937
Afon Gwy,inlandRiver,3223
Afon Gwy,inlandRiver,7257
Afon Gwy,inlandRiver,1195
Afon Gwy,inlandRiver,450
Afon Gwy,inlandRiver,494
Afon Gwy,inlandRiver,2388
Afon Gwy,inlandRiver,2858
Afon Gwy,inlandRiver,3919
Afon Gwy,inlandRiver,2446
Afon Gwy,inlandRiver,6274
Afon Gwy,inlandRiver,3206
Afon Gwy,inlandRiver,224
Afon Gwy,inlandRiver,452
Afon Gwy,inlandRiver,217
Afon Gwy,inlandRiver,1137
Afon Gwy,inlandRiver,5902
Afon Gwy,inlandRiver,154
Afon Gwy,inlandRiver,1975
Afon Gwy,tidalRiver,2864
Afon Gwy,tidalRiver,715
Afon Gwy,tidalRiver,1542
Afon Gwy,tidalRiver,1628
Afon Gwy,tidalRiver,342
Afon Gwy,tidalRiver,333
Afon Gwy,inlandRiver,2153
Afon Gwy,tidalRiver,53
Afon Gwy,inlandRiver,2542
Afon Gwy,inlandRiver,878
Afon Gwy,inlandRiver,3739
Afon Gwy,inlandRiver,7908
Afon Gwy,inlandRiver,2788
Afon Gwy,inlandRiver,3087
Afon Gwy,inlandRiver,1142
Afon Gwy,inlandRiver,670
Afon Gwy,inlandRiver,987
Afon Gwy,inlandRiver,704
Afon Wysg,inlandRiver,3401
Afon Wysg,inlandRiver,219
Afon Wysg,inlandRiver,723
Afon Wysg,inlandRiver,3015
Afon Wysg,inlandRiver,61
Afon Wysg,inlandRiver,505
Afon Wysg,inlandRiver,47
Afon Wysg,inlandRiver,553
Afon Wysg,inlandRiver,677
Afon Gwy,inlandRiver,2150
Afon Gwy,inlandRiver,724
Afon Wysg,inlandRiver,962
Afon Wysg,inlandRiver,252
Afon Wysg,inlandRiver,42
Afon Wysg,inlandRiver,810
Afon Wysg,inlandRiver,704
Afon Wysg,inlandRiver,85
Afon Wysg,inlandRiver,107
Afon Wysg,inlandRiver,533
Afon Wysg,inlandRiver,1097
Afon Wysg,inlandRiver,55
Afon Wysg,inlandRiver,239
Afon Wysg,inlandRiver,700
Afon Wysg,inlandRiver,1326
Afon Wysg,inlandRiver,370
Afon Wysg,inlandRiver,252
Afon Wysg,inlandRiver,714
Afon Wysg,inlandRiver,101
Afon Wysg,inlandRiver,917
Afon Wysg,inlandRiver,1014
Afon Wysg,inlandRiver,887
Afon Wysg,inlandRiver,1498
Afon Wysg,inlandRiver,67
Afon Wysg,inlandRiver,674
Afon Wysg,inlandRiver,497
Afon Wysg,inlandRiver,113
Afon Wysg,inlandRiver,147
Afon Wysg,inlandRiver,120
Afon Wysg,inlandRiver,8
Afon Wysg,inlandRiver,110
Afon Wysg,inlandRiver,74
Afon Wysg,inlandRiver,9
Afon Wysg,tidalRiver,3862
Afon Wysg,tidalRiver,3108
Afon Wysg,tidalRiver,1254
Afon Wysg,tidalRiver,787
Afon Wysg,tidalRiver,1955
Afon Wysg,tidalRiver,738
Afon Wysg,tidalRiver,565
Afon Wysg,tidalRiver,174
Afon Wysg,tidalRiver,433
Afon Wysg,tidalRiver,1255
Afon Wysg,tidalRiver,1322
Afon Wysg,tidalRiver,408
Afon Hafren,tidalRiver,4399
Afon Hafren,tidalRiver,847
Afon Hafren,tidalRiver,1649
Afon Hafren,tidalRiver,1116
Afon Hafren,tidalRiver,1601
Afon Gwy,tidalRiver,1211
Afon Hafren,tidalRiver,2598
Afon Gwy,tidalRiver,927
Afon Gwy,tidalRiver,6756
Afon Gwy,tidalRiver,6318
Afon Gwy,tidalRiver,254
Afon Gwy,tidalRiver,2462
Afon Hafren,tidalRiver,2043
Afon Hafren,tidalRiver,2323
Afon Hafren,tidalRiver,1150
Afon Hafren,tidalRiver,1144
Afon Hafren,tidalRiver,473
Afon Hafren,tidalRiver,1342
Afon Hafren,tidalRiver,1669
Afon Wysg,inlandRiver,139
Afon Wysg,inlandRiver,1628
Afon Wysg,inlandRiver,686
Afon Wysg,inlandRiver,686
Afon Wysg,inlandRiver,639
Afon Wysg,inlandRiver,70
Afon Wysg,inlandRiver,148
Afon Wysg,inlandRiver,305
Afon Wysg,tidalRiver,504
Afon Wysg,tidalRiver,719
Afon Wysg,tidalRiver,226
Afon Wysg,inlandRiver,149
Avon Water,inlandRiver,18
Avon Water,inlandRiver,774
Avon Water,inlandRiver,1396
Avon Water,inlandRiver,35
Avon Water,inlandRiver,825
Avon Causeway Drain,inlandRiver,203
Avon Causeway Drain,inlandRiver,444
Avon Causeway Drain,inlandRiver,792
Avon Causeway Drain,inlandRiver,135
Avon Common Drain,inlandRiver,1332
Avon Common Drain,inlandRiver,921
Avon Water,lake,140
Avon Water,inlandRiver,2775
Avon Water,lake,33
Avon Water,lake,19
Avon Water,inlandRiver,648
Avon Water,inlandRiver,1065
Avon Water,inlandRiver,51
Avon Water,inlandRiver,33
Avon Water,inlandRiver,524
Avon Water,inlandRiver,47
Avon Water,inlandRiver,1695
Avon Water,inlandRiver,64
Avon Water,inlandRiver,3180
Avon Water,inlandRiver,2772
Avon Water,inlandRiver,1238
Afon Gwy,inlandRiver,1109
Afon Gwy,inlandRiver,479
Afon Gwy,inlandRiver,1037
Afon Gwy,inlandRiver,569
Afon Gwy,inlandRiver,657
Afon Gwy,inlandRiver,4002
Afon Gwy,inlandRiver,1500
Afon Gwy,inlandRiver,89
Afon Gwy,inlandRiver,1088
Afon Gwy,inlandRiver,4020
Afon Gwy,inlandRiver,4114
Afon Gwy,inlandRiver,921
Afon Gwy,inlandRiver,1764
Afon Gwy,inlandRiver,420
Afon Gwy,inlandRiver,1301
Afon Tywi,inlandRiver,2232
Afon Tywi,inlandRiver,1300
Afon Tywi,inlandRiver,1009
Afon Tywi,inlandRiver,480
Afon Tywi,inlandRiver,954
Afon Tywi,inlandRiver,49
Afon Tywi,inlandRiver,2125
Afon Tywi,inlandRiver,2390
Afon Tywi,inlandRiver,898
Afon Tywi,inlandRiver,911
Afon Tywi,inlandRiver,329
Afon Tywi,inlandRiver,1155
Afon Tywi,inlandRiver,1103
Afon Tywi,inlandRiver,1239
Afon Gwy,inlandRiver,791
Afon Tywi,inlandRiver,2146
Afon Tywi,inlandRiver,38
Afon Tywi,inlandRiver,1455
Afon Tywi,inlandRiver,3935
Afon Tywi,inlandRiver,1843
Afon Wysg,inlandRiver,3495
Afon Wysg,inlandRiver,843
Afon Wysg,inlandRiver,1458
Afon Wysg,inlandRiver,14
Afon Wysg,inlandRiver,1332
Afon Wysg,inlandRiver,412
Afon Wysg,inlandRiver,67
Afon Wysg,inlandRiver,868
Afon Wysg,inlandRiver,616
Afon Wysg,inlandRiver,229
Afon Wysg,inlandRiver,314
Afon Wysg,inlandRiver,1359
Afon Wysg,inlandRiver,1866
Afon Wysg,inlandRiver,836
Afon Tywi,inlandRiver,716
Afon Tywi,inlandRiver,56
Afon Tywi,inlandRiver,450
Afon Tywi,inlandRiver,30
Afon Tywi,inlandRiver,96
Afon Wysg,inlandRiver,2938
Afon Wysg,inlandRiver,832
Afon Wysg,inlandRiver,903
Afon Wysg,inlandRiver,1113
Afon Wysg,inlandRiver,232
Afon Wysg,inlandRiver,791
Afon Wysg,inlandRiver,950
Afon Wysg,inlandRiver,3500
Afon Wysg,inlandRiver,98
Afon Wysg,inlandRiver,1667
Afon Wysg,inlandRiver,2099
Afon Wysg,inlandRiver,3477
Afon Wysg,inlandRiver,541
Afon Wysg,inlandRiver,1046
Afon Wysg,inlandRiver,1245
Afon Wysg,inlandRiver,132
Afon Wysg,inlandRiver,2090
Afon Wysg,inlandRiver,992
Afon Wysg,inlandRiver,376
Afon Wysg,inlandRiver,458
Afon Teifi,inlandRiver,428
Afon Teifi,inlandRiver,1376
Afon Teifi,inlandRiver,990
Afon Teifi,inlandRiver,727
Afon Teifi,inlandRiver,1430
Afon Teifi,inlandRiver,777
Afon Teifi,inlandRiver,1120
Afon Teifi,inlandRiver,290
Afon Teifi,inlandRiver,1719
Afon Teifi,inlandRiver,511
Afon Teifi,inlandRiver,1611
Afon Teifi,inlandRiver,57
Afon Teifi,inlandRiver,983
Afon Teifi,inlandRiver,537
Afon Teifi,inlandRiver,104
Afon Teifi,inlandRiver,2703
Afon Teifi,inlandRiver,1510
Afon Teifi,inlandRiver,2824
Afon Teifi,inlandRiver,772
Afon Teifi,inlandRiver,521
Afon Teifi,inlandRiver,237
Afon Teifi,inlandRiver,668
Afon Teifi,inlandRiver,2530
Afon Teifi,inlandRiver,19
Afon Teifi,inlandRiver,139
Afon Teifi,inlandRiver,352
Afon Teifi,inlandRiver,1116
Afon Teifi,inlandRiver,11
Afon Teifi,inlandRiver,254
Afon Teifi,inlandRiver,548
Afon Teifi,inlandRiver,180
Afon Teifi,inlandRiver,659
Afon Teifi,inlandRiver,2624
Afon Teifi,inlandRiver,41
Afon Teifi,inlandRiver,1164
Afon Teifi,inlandRiver,2954
Afon Teifi,inlandRiver,23
Afon Teifi,inlandRiver,1669
Afon Teifi,inlandRiver,736
Afon Tywi,inlandRiver,96
Afon Tywi,inlandRiver,1619
Afon Tywi,inlandRiver,4144
Afon Tywi,inlandRiver,858
Afon Tywi,inlandRiver,3516
Afon Tywi,inlandRiver,406
Afon Tywi,inlandRiver,496
Afon Tywi,inlandRiver,1104
Afon Tywi,inlandRiver,852
Afon Tywi,inlandRiver,71
Afon Tywi,inlandRiver,342
Afon Tywi,inlandRiver,546
Afon Tywi,inlandRiver,521
Afon Tywi,inlandRiver,643
Afon Tywi,inlandRiver,3526
Afon Tywi,inlandRiver,1046
Afon Tywi,inlandRiver,589
Afon Tywi,inlandRiver,1165
Afon Tywi,inlandRiver,1516
Afon Tywi,tidalRiver,221
Afon Tywi,inlandRiver,1842
Afon Tywi,inlandRiver,1335
Afon Tywi,inlandRiver,786
Afon Tywi,inlandRiver,394
Afon Tywi,inlandRiver,225
Afon Tywi,inlandRiver,204
Afon Tywi,inlandRiver,382
Afon Tywi,inlandRiver,2347
Afon Tywi,inlandRiver,31
Afon Tywi,inlandRiver,189
Afon Tywi,inlandRiver,1881
Afon Tywi,inlandRiver,606
Afon Tywi,inlandRiver,1664
Afon Tywi,inlandRiver,24
Afon Tywi,inlandRiver,178
Afon Tywi,inlandRiver,3189
Afon Tywi,inlandRiver,89
Afon Tywi,inlandRiver,464
Afon Tywi,inlandRiver,577
Afon Tywi,inlandRiver,591
Afon Tywi,inlandRiver,135
Afon Tywi,inlandRiver,1346
Afon Tywi,inlandRiver,294
Afon Tywi,inlandRiver,892
Afon Tywi,inlandRiver,773
Afon Tywi,inlandRiver,580
Afon Tywi,inlandRiver,27
Afon Tywi,inlandRiver,307
Afon Tywi,inlandRiver,2828
Afon Tywi,inlandRiver,38
Afon Tywi,inlandRiver,946
Afon Tywi,inlandRiver,830
Afon Tywi,inlandRiver,385
Afon Tywi,inlandRiver,272
Afon Tywi,inlandRiver,28
Afon Tywi,inlandRiver,58
Afon Tywi,tidalRiver,691
Afon Tywi,tidalRiver,2237
Afon Tywi,tidalRiver,96
Afon Tywi,tidalRiver,105
Afon Tywi,inlandRiver,278
Afon Tywi,inlandRiver,1013
Afon Tywi,inlandRiver,470
Afon Hafren,inlandRiver,611
Afon Hafren,inlandRiver,1512
Afon Hafren,inlandRiver,481
Avon Cwm-mawr,inlandRiver,151
Avon Cwm-mawr,inlandRiver,93
Afon Teifi,inlandRiver,663
Afon Teifi,inlandRiver,2205
Afon Teifi,inlandRiver,308
Afon Teifi,inlandRiver,1592
Afon Teifi,inlandRiver,1657
Afon Teifi,inlandRiver,992
Afon Teifi,inlandRiver,905
Afon Teifi,inlandRiver,1488
Afon Teifi,inlandRiver,428
Afon Teifi,inlandRiver,881
Afon Teifi,inlandRiver,150
Afon Teifi,inlandRiver,1435
Afon Teifi,inlandRiver,258
Afon Gwy,inlandRiver,874
Afon Gwy,inlandRiver,548
Afon Gwy,inlandRiver,1093
Afon Gwy,inlandRiver,1333
Afon Gwy,inlandRiver,2702
Afon Gwy,inlandRiver,1200
Afon Gwy,inlandRiver,2776
Afon Gwy,inlandRiver,1080
Afon Gwy,inlandRiver,2048
Afon Gwy,inlandRiver,640
Afon Gwy,inlandRiver,285
Afon Gwy,inlandRiver,437
Afon Teifi,inlandRiver,542
Afon Teifi,inlandRiver,92
Afon Teifi,inlandRiver,443
Afon Teifi,inlandRiver,155
Afon Teifi,lake,232
Afon Teifi,lake,196
Afon Teifi,inlandRiver,264
Afon Teifi,inlandRiver,833
Afon Teifi,inlandRiver,528
Afon Teifi,inlandRiver,1911
Afon Teifi,inlandRiver,325
Afon Teifi,inlandRiver,200
Afon Tywi,inlandRiver,1994
Afon Teifi,inlandRiver,1166
Afon Gwy,inlandRiver,237
Afon Gwy,inlandRiver,185
Afon Gwy,inlandRiver,544
Afon Gwy,inlandRiver,36
Afon Gwy,inlandRiver,1662
Afon Gwy,inlandRiver,819
Afon Teifi,inlandRiver,1471
Afon Teifi,inlandRiver,1739
Afon Teifi,inlandRiver,850
Afon Teifi,inlandRiver,249
Afon Teifi,inlandRiver,69
Afon Gwy,inlandRiver,786
Afon Gwy,inlandRiver,388
Afon Gwy,inlandRiver,3337
Afon Gwy,inlandRiver,355
Afon Gwy,inlandRiver,585
Afon Gwy,inlandRiver,917
Afon Gwy,inlandRiver,338
Afon Gwy,inlandRiver,112
Afon Gwy,inlandRiver,362
Afon Gwy,inlandRiver,205
Afon Gwy,inlandRiver,774
Afon Gwy,inlandRiver,1211
Afon Gwy,inlandRiver,305
Afon Gwy,inlandRiver,503
Afon Gwy,inlandRiver,1320
Afon Gwy,inlandRiver,317
Afon Teifi,inlandRiver,1163
Afon Tywi,inlandRiver,1802
Afon Tywi,inlandRiver,1924
Afon Tywi,inlandRiver,1102
Afon Tywi,inlandRiver,990
Afon Tywi,inlandRiver,328
Afon Teifi,inlandRiver,1032
Afon Teifi,inlandRiver,3534
Afon Teifi,inlandRiver,804
Afon Teifi,inlandRiver,1315
Afon Teifi,inlandRiver,675
Afon Teifi,inlandRiver,657
Afon Teifi,inlandRiver,486
Afon Teifi,inlandRiver,3656
Afon Teifi,inlandRiver,1919
Afon Tywi,inlandRiver,2186
Afon Teifi,tidalRiver,870
Afon Teifi,tidalRiver,213
Afon Teifi,tidalRiver,75
Afon Teifi,tidalRiver,571
Afon Teifi,tidalRiver,125
Afon Teifi,tidalRiver,875
Afon Teifi,tidalRiver,990
Afon Teifi,tidalRiver,437
Afon Teifi,tidalRiver,202
Afon Teifi,tidalRiver,73
Afon Teifi,tidalRiver,152
Afon Teifi,tidalRiver,567
Afon Teifi,inlandRiver,3198
Afon Teifi,inlandRiver,1119
Afon Teifi,inlandRiver,2441
Afon Teifi,inlandRiver,1099
Afon Teifi,inlandRiver,654
Afon Teifi,inlandRiver,312
Afon Teifi,tidalRiver,1319
Afon Teifi,tidalRiver,1596
Afon Teifi,tidalRiver,496
Afon Teifi,inlandRiver,2516
Pwll Glâs,inlandRiver,1541
Afon Teifi,inlandRiver,49
Afon Teifi,inlandRiver,250
Pwll Glâs,inlandRiver,2301
Pwll Glâs,inlandRiver,1899
Afon Teifi,inlandRiver,933
Afon Teifi,inlandRiver,2222
Afon Teifi,inlandRiver,2102
Pwll Glâs,inlandRiver,958
Afon Teifi,inlandRiver,1625
Pwll Glâs,inlandRiver,423
Pwll Glâs,inlandRiver,39
Afon Teifi,inlandRiver,1843
Afon Teifi,inlandRiver,1044
Afon Teifi,inlandRiver,1365
Afon Teifi,inlandRiver,2165
Afon Teifi,inlandRiver,48
Afon Teifi,inlandRiver,478
Afon Teifi,inlandRiver,1117
Afon Teifi,inlandRiver,2415
Afon Teifi,inlandRiver,339
Afon Tywi,tidalRiver,934
Afon Tywi,tidalRiver,891
Afon Tywi,tidalRiver,562
Afon Tywi,tidalRiver,397
Afon Tywi,tidalRiver,20
Afon Tywi,tidalRiver,272
Afon Tywi,tidalRiver,1606
Afon Tywi,tidalRiver,430
Afon Tywi,tidalRiver,1627
Afon Tywi,tidalRiver,105
Afon Tywi,tidalRiver,111
Afon Tywi,tidalRiver,191
Afon Tywi,tidalRiver,2073
Afon Tywi,tidalRiver,571
Afon Tywi,tidalRiver,821
Afon Tywi,tidalRiver,1333
Afon Tywi,tidalRiver,878
Afon Tywi,tidalRiver,194
Afon Tywi,tidalRiver,455
Afon Tywi,tidalRiver,712
Afon Tywi,tidalRiver,1882
Afon Tywi,tidalRiver,1394
Afon Tywi,tidalRiver,118
Afon Tywi,tidalRiver,773
Afon Tywi,tidalRiver,576
Afon Tywi,tidalRiver,422
Afon Tywi,tidalRiver,1239
Afon Tywi,tidalRiver,2191
Afon Tywi,tidalRiver,775
